login_attempts_per_min,files_accessed_per_min,cpu_usage_avg,network_out_mb,process_count,anomaly_score,is_anomaly
2,10,19.95477975100981,4.5875070632685775,72,0.10169707836618497,1
41,166,84.91901120335852,194.9406771014117,192,-0.24366736397964672,-1
2,7,37.79923862131757,3.0575712785028317,36,0.08701086017244875,1
1,12,37.46519304621812,1.854872848173512,34,0.09005437909221004,1
2,1,33.76064085899803,4.3378052231927455,46,0.05590744812087611,1
1,2,14.377032918835774,4.989281957248625,49,0.07340342516666354,1
0,17,20.30716047409662,0.8156654102297098,48,0.08042224508483858,1
2,12,8.502666897421705,0.968944861272594,73,0.05868308199702499,1
2,1,19.88147696862051,3.0341580965019923,51,0.09353825655180642,1
1,11,39.73882170696506,3.1642701388553114,60,0.08221138324299376,1
0,14,13.003799259923769,3.883266989161631,54,0.09770549317232247,1
1,3,18.950958351816134,0.6213777173150452,51,0.07727958018879805,1
0,5,24.936534628113684,4.027902620565934,31,0.07839997517164793,1
1,11,10.758316218792968,4.219522508158322,41,0.12242924384854909,1
0,14,10.907717715673474,3.674031647671296,39,0.08445328756540799,1
2,10,21.90518004570878,1.9880628660252493,48,0.13826091691712505,1
1,15,11.769139990960198,0.9968949820690042,39,0.10096206003499003,1
0,12,31.10024021619421,4.283601258089202,70,0.08934130998612055,1
2,5,16.939410251211505,4.738022707024948,49,0.10356953206707098,1
1,19,11.645332923036005,1.6923817261045089,41,0.08889641944051746,1
0,8,38.974191879397935,4.599521188157178,46,0.06679251169545353,1
1,7,5.69764537734984,0.6818353474977912,40,0.05977330252029278,1
0,4,30.013116776538524,3.662471208273769,69,0.0980013937924229,1
2,16,13.03639537652086,2.985666699460233,48,0.1136338913266357,1
0,7,30.7043543692113,4.052018304438837,50,0.11148160014219721,1
0,14,14.67797369391518,3.234653874091721,55,0.1012833932376414,1
0,19,11.029219393606487,4.10297982072258,70,0.04421992936720309,1
1,17,27.346762723191063,2.004337477523533,38,0.11428988073277763,1
0,4,35.6251701265207,2.5142677762104584,69,0.0834544856472893,1
1,5,34.659352080275966,4.864907678610034,66,0.08022476879406293,1
2,8,37.9042687296863,2.9861927893157976,30,0.07058238895884189,1
2,4,38.44808283784142,1.495810361219999,52,0.06274992131327317,1
0,6,12.97559911321283,0.6274840012779732,66,0.06653235835279286,1
1,1,7.127813746841737,2.276199272591979,39,0.06996097102792947,1
1,8,14.135266602965332,2.1810414602895403,77,0.10950357846104258,1
2,9,12.197914658530443,1.197193188850225,66,0.09636289823523225,1
0,1,16.39832963038202,4.967774583359167,39,0.036624849142571025,1
2,19,12.152211828087385,3.5686044136607813,36,0.0641161839265928,1
0,15,22.28273493209305,3.2450693284554504,53,0.10967155935420303,1
2,9,13.083004380092428,1.7629389460628764,43,0.11372466746971366,1
1,1,17.662040043594168,4.654171158197995,46,0.08112245855747402,1
2,17,10.95061722612687,4.801540246266111,60,0.06900624952165796,1
1,5,9.540600824942256,1.3392796630883106,45,0.1094634096063713,1
2,8,15.929713987566055,4.1237410697731605,66,0.1092193090243419,1
2,10,35.993905084450525,3.6011396070757424,61,0.10067924770483844,1
2,18,26.056112344606355,1.6278436979180009,62,0.09322490610544915,1
1,16,5.280377090069452,3.848621664528873,42,0.07191493731666077,1
2,15,28.652732239660654,1.5146422931680583,62,0.1105273037237981,1
2,14,19.36079910703682,3.133518451339119,51,0.12320649284624852,1
2,6,20.01384453263294,2.9868868231886454,53,0.13040660554129901,1
0,3,7.8201232294708785,0.6944873851356836,51,0.04540001339305455,1
1,15,10.542327292944336,4.828723193901979,70,0.08303505314630832,1
0,6,23.41726070860622,2.6159874271525405,46,0.11784053652869142,1
0,4,9.139937323435484,4.582010129751367,78,0.04164275407871221,1
1,13,14.620549045478954,1.4235127471171771,32,0.10717302942296181,1
0,16,19.358350280110507,3.9774915783091513,68,0.08627709353006702,1
0,6,19.37022431200962,2.8143308799057696,45,0.11283667617948107,1
2,12,25.229516613780465,3.2599498180432214,38,0.1166673539926929,1
0,1,11.85616816119095,3.290961117836355,41,0.05048125233343148,1
1,11,38.133621216310566,2.42800322924608,60,0.10407473719107074,1
2,19,39.95083019227737,4.214423966937458,36,0.01320254744205318,1
2,6,28.19804298557979,4.964936841603409,62,0.08233561669895517,1
0,4,9.776694569772838,4.33224232692492,60,0.08232708673147943,1
2,17,38.28538495608391,1.4130561462746511,57,0.07749166592884227,1
0,12,9.064581389166438,4.71359921334972,50,0.08331169308454223,1
1,1,13.468012064573523,2.8011518591290865,74,0.07691185264314432,1
2,18,25.70659374826083,2.270742342944781,67,0.10128735021953772,1
0,18,9.732535459755404,3.5547732955244458,39,0.05852294286213522,1
2,14,22.17041269969956,4.093211861681352,43,0.11579618521734453,1
1,4,25.69264976552413,3.694247365256171,65,0.11574511663071757,1
1,2,32.85214662126218,0.8454087888533747,56,0.07486256835001098,1
0,17,35.431467602822025,4.412941039588402,59,0.06354094481639011,1
2,3,31.30585567067407,4.685208895918625,56,0.08034327457590767,1
2,18,9.91637340041694,3.5496598525496337,68,0.08400912193112109,1
1,11,10.116828474545006,1.593654372826949,59,0.11907607290128219,1
2,14,23.57984470130056,2.5635926236142463,32,0.10558946321007678,1
1,18,27.42997057822626,1.565734952535086,72,0.09599280630548562,1
2,8,21.70302791934888,1.8922529616045975,75,0.1137520020694997,1
2,16,30.038489578093497,4.971132115124382,55,0.07329551799137796,1
1,1,27.10708225203398,4.880948278799536,49,0.066884018042356,1
0,15,6.892932319758336,3.0287788606589974,62,0.08021602119898913,1
1,14,16.818406235765732,4.346583367649472,43,0.11844686308479202,1
2,3,39.211962630358606,0.844628866372052,73,0.029752777589398205,1
1,11,31.215988976573573,4.844159650871577,38,0.0990697610843071,1
2,4,13.192609795381111,2.942453402776645,66,0.10513843415672552,1
2,18,24.9752809532105,3.5969936575971326,67,0.09907652424421415,1
1,8,11.314560442295084,4.212196399869139,37,0.1168487706144195,1
1,19,10.505497883886434,0.6041203255468801,61,0.05099263056848791,1
0,8,37.39452031449457,0.9622867445983228,42,0.06886053286201838,1
2,17,6.729998415175002,0.7837784761993534,70,0.04236618780955803,1
1,15,8.788635795086865,1.5302491739520776,76,0.08509328339601763,1
2,2,31.480724099428272,2.8350895523456034,49,0.09198952877987138,1
1,2,17.235706907285472,1.5382648744614278,66,0.10342293961896498,1
0,11,7.995349617680143,1.6279326368221254,34,0.07142642379130398,1
0,1,19.94682991936244,0.5851009171772051,30,0.0031720352174975375,1
2,13,8.604591381680386,0.9428755854489704,55,0.08047917368810181,1
1,18,31.215924884470915,4.299997380053542,34,0.08980058107581806,1
1,18,9.304921628504554,2.9341980613164163,75,0.08167222278889857,1
0,14,12.25636288698676,1.25122818239266,50,0.08278632777484429,1
1,6,33.6887278531376,2.657078318277099,75,0.1064046584034295,1
0,13,6.878627548340699,3.137813918252041,47,0.07864617554299602,1
0,5,39.141045748256566,1.9426093231824573,40,0.0660811267952266,1
0,15,14.40180283000541,4.057227970407393,36,0.0759586654923346,1
2,10,11.745638980241624,0.8733044963784071,53,0.10184659588926975,1
0,13,25.400074893175915,3.755851624228104,73,0.09023574445248872,1
2,6,11.717527504768883,3.8892722951137264,69,0.09512994395426183,1
1,8,37.21532077796705,2.0543478872917977,41,0.11244497768477973,1
0,19,15.741955493366738,2.0184733506540606,35,0.045808017018407865,1
2,8,12.846532496912616,3.236168038670555,66,0.12000518755580597,1
2,8,23.062176314457624,4.385480229523759,64,0.11213530371298819,1
1,17,8.327191444044635,1.414707029649847,47,0.0953243681583063,1
0,3,5.271059448196137,4.623636462011329,32,-0.0019441506171758993,-1
2,18,18.98472655302797,2.977763247496717,55,0.10431350744719547,1
0,10,7.554359429098021,1.6541798621449944,59,0.08079715592908598,1
0,8,19.47039222703426,4.104530402804706,66,0.1049896886178403,1
0,4,38.56834732176863,1.6437798592921458,31,0.03587597384687302,1
0,4,32.744751210896624,2.3769665560853723,37,0.09140055451371848,1
2,6,15.712483616816046,4.707302274852879,77,0.07462600283957921,1
2,11,32.638296911267005,3.5021110643234765,54,0.12277790648220793,1
2,13,30.74429111505343,0.9980923107089834,68,0.08967301633347902,1
0,10,34.53906197072937,4.022162467386489,73,0.09191736302052961,1
2,12,11.916371054914286,3.2330851791580644,70,0.09948208926972063,1
2,5,30.037795309274884,0.5047414578814302,77,0.04525629911829654,1
2,1,29.76183511146952,1.8483771665939173,60,0.07684144050425351,1
1,12,16.153921925119512,3.8928552001830754,53,0.12813598371914553,1
2,14,23.287085900059243,0.714556633494919,79,0.061352302365253575,1
0,12,17.565911928453676,2.990007318886808,74,0.09516772065287299,1
2,2,30.50468263361817,1.897897831711464,78,0.06552833332768176,1
0,17,25.56739477128377,4.842261823564808,79,0.029865171548154934,1
1,10,10.817164473444272,3.119889361955256,36,0.12851441707047034,1
2,14,8.821068813381515,1.7318137283844264,48,0.10094398669071286,1
0,18,19.06067823421264,1.062614817378751,48,0.06504644071871707,1
2,1,17.116788771403172,1.861253695126624,43,0.08022831244020368,1
1,10,11.19627504167463,2.216840551805118,34,0.12409246448205907,1
1,11,24.130432945608494,1.0863569828551485,30,0.09561422527168628,1
0,15,21.44890062439043,0.7442859627084796,33,0.06343888064565273,1
0,3,34.07746557014577,3.682802371898191,72,0.08031306074780492,1
2,18,27.59981567516552,3.8592765664020554,75,0.08294555366121775,1
2,4,37.78905742980107,4.24162460934024,63,0.06253718907583111,1
2,14,14.880542261554542,3.1871394415366243,66,0.11276810235304979,1
1,5,17.75872528935144,2.507445266541458,44,0.1332702896856251,1
0,3,19.066683060465813,0.5667623772992182,74,0.04525914168067202,1
2,11,34.64815827419435,1.5304254758066245,78,0.06975768733490867,1
1,14,25.73804652098993,2.749349007283296,55,0.12016960917018932,1
2,7,25.84410114393125,1.8276692485910264,37,0.10892717554619546,1
1,10,17.877636042499184,1.3954319871839074,36,0.12836779590004593,1
1,9,26.87658448510187,4.698824162582521,55,0.10842626984643289,1
1,12,12.681838128956413,2.1914446403368064,64,0.11667848186017693,1
1,3,34.89881479393526,1.3965921505836407,79,0.059432021945701075,1
1,15,35.856445111090395,2.913234105387529,34,0.10128558304651103,1
2,17,32.53863853455793,3.956861880550022,38,0.0978156165711262,1
2,1,6.436303555252807,3.85971703748235,35,0.037203628498929,1
1,15,18.78233534025195,3.505656058619201,73,0.11040982384267922,1
0,6,14.584013850418808,4.47270214106047,61,0.1049526397823018,1
1,7,38.72878721250417,0.5569393433840227,77,0.0429150981048666,1
0,6,5.593009504072748,4.4764346331090765,76,0.04211067286987835,1
0,16,27.971405358554577,2.9644845227492453,45,0.1012696932954924,1
2,12,27.70529586583692,1.6070188751597048,42,0.11448998901060653,1
2,8,20.82088576256329,0.763365971639671,33,0.08973333178402737,1
1,17,5.8374828332039765,0.6405919748154839,59,0.0458339599627996,1
0,7,32.26157204471208,3.553787195872025,57,0.11054346089575867,1
1,18,22.77464632026793,0.9455327881373096,41,0.10614369677491742,1
2,9,32.40150765703362,4.271716428363824,72,0.09418792493446215,1
1,3,18.01539462080291,4.719762568331739,36,0.07935886049927932,1
0,7,22.76980696504393,3.728850403215249,47,0.11447084350499254,1
0,5,13.985405386586852,0.9004877836719283,36,0.06729654309670202,1
2,9,15.697940916641436,4.23075876904336,48,0.11457048668928671,1
45,92,87.04456847343442,145.28848558553992,187,-0.23245596053179762,-1
0,8,36.53538088269136,2.5270853586257136,40,0.08718681663381694,1
2,18,17.52812990319348,0.8564514500706256,69,0.06993930505123475,1
0,18,35.452601499530175,0.6939041264164203,37,0.029297402423095864,1
0,18,5.836102594552649,3.461250635863572,77,0.02743559501697601,1
1,16,11.269612343252913,1.0049287957840456,54,0.1024891541998314,1
1,18,12.99719010988765,2.7109269696902896,46,0.10518209354420321,1
2,3,5.109084391837,3.0762615906379414,30,0.020186302387097732,1
0,6,27.024656353667265,3.5827582850680826,38,0.11324719671853245,1
2,8,16.58010530324744,2.9243948756282307,64,0.12310458157057153,1
0,3,21.09312954571745,4.208785852409797,43,0.08494782647612248,1
0,5,11.734465119810949,0.8179962971201797,36,0.06853866379980206,1
1,18,8.670072112326704,3.177532890612643,47,0.09540364294351772,1
0,13,13.093580229636093,1.6198837220113356,31,0.07040728613466885,1
1,3,5.118569742071016,1.9563654508093653,34,0.05836076324911077,1
2,19,10.93656354767042,0.9786477651546476,47,0.061120747710047496,1
0,14,17.692501857948315,3.0688795007206,58,0.10721957918191138,1
1,16,15.881523717954185,4.888999196181954,64,0.08761781209710173,1
2,11,8.27691934098771,4.200641037629161,76,0.07248030232462294,1
0,15,38.24810036179847,0.5976419276886169,62,0.04581051883859755,1
0,2,37.87225583547467,1.0380914382778743,76,0.03861400266661186,1
1,3,26.121586961917128,0.6326073990723646,54,0.08177153233584278,1
0,6,35.37398539422024,1.0240547469784174,65,0.06989989044273237,1
0,11,33.570225397555845,3.561582953174137,53,0.115728826810787,1
1,17,28.836632407306624,0.5321673309776973,62,0.08016730581809717,1
1,18,29.288022291121667,1.1983942784412518,44,0.10849096983747336,1
2,17,15.261529098978697,2.7163999341974074,42,0.10025589941804863,1
0,17,9.10819219366047,0.7185437302211544,75,0.03382990992003487,1
44,115,96.88409287494174,96.46249659099738,199,-0.23715095408169673,-1
2,16,10.427644230517773,3.598905313663037,43,0.10452129003556976,1
0,1,33.79627136939163,0.8231438753691372,56,0.0383905302524018,1
1,5,23.811698738896503,2.5589508494631885,44,0.13327337427422525,1
1,10,10.27676858125273,4.379365433588668,42,0.1193232971382785,1
1,17,32.82950628075948,2.9672834304630458,35,0.10604059849746922,1
2,14,35.84671063795513,1.885043408329568,55,0.10081851269355113,1
2,19,18.212358284958224,3.921643687231285,36,0.06628487761568491,1
0,8,15.341294458379132,1.3791440806708128,52,0.10254147031309774,1
0,3,24.64588559057956,2.908234215964955,42,0.09586500926107377,1
2,15,37.43128382375778,2.0186900144354984,47,0.09344951626773007,1
2,6,31.298450914412737,1.1914342139090734,38,0.0931990916795602,1
30,135,93.33139934949688,196.94394063565807,161,-0.23068723695218174,-1
0,8,17.103918878492415,3.573819367311243,60,0.11048633962600823,1
2,17,18.811867833148263,0.8283304308172206,46,0.09003999823515402,1
2,7,6.010474697250178,3.548397464304852,58,0.08021999721954498,1
1,17,7.85431303792158,1.9356559105610676,39,0.09968027294370102,1
0,2,25.80365354182258,2.5081705223131725,39,0.07974323982622078,1
1,2,32.0635908204665,1.022031267838473,69,0.07443368701908487,1
0,9,6.641613910314871,0.6412199955655176,71,0.043819326968668304,1
2,6,38.60828852235478,4.286835095316315,66,0.07732710347130739,1
2,17,36.821206743652496,3.851557137961295,69,0.07423055236020909,1
2,6,19.436681320668438,1.8737960140075265,74,0.10917793122778441,1
1,14,39.200804049617865,1.7388943416706757,71,0.0790911762229029,1
0,14,13.850444807894592,2.8320222936148203,64,0.0902006133125603,1
0,14,37.79759685464549,0.864508403525912,75,0.045211126446000116,1
1,16,37.551932830155096,4.796945992477972,66,0.06440504158422422,1
0,10,19.926554816817536,4.227773585357658,69,0.097974421098738,1
2,8,36.36723855418097,2.0505977028180515,44,0.1090120861791033,1
2,3,34.506323528193334,3.459917184355401,40,0.07973363634140684,1
1,18,24.77896048385541,3.064865545376809,40,0.11277762352175574,1
2,4,37.340363719756525,0.8745869717245152,69,0.048045090707681704,1
1,14,19.59939944956893,4.204030226287122,35,0.11355353969195453,1
1,17,22.896188915788414,2.557691955998361,47,0.12433242670290018,1
2,7,26.942930988950383,1.65614858699402,54,0.1183004113285881,1
0,4,15.108640881879433,3.1877985580839407,70,0.09542661351622944,1
2,16,33.643468114232085,3.3011102076952588,32,0.08894145001371706,1
1,6,39.84471031748963,3.562421761717633,32,0.053780120838034184,1
1,17,28.49550813263374,2.198450256837339,40,0.11925556530104087,1
1,15,21.85939317729834,4.957172347144399,72,0.07744521545428867,1
1,10,16.105734822585,3.666142524081147,54,0.13701719621989578,1
0,15,29.03923034270697,3.7535040107469215,61,0.10247595934097559,1
2,19,25.610788472969617,4.288759536123045,36,0.05627306350657357,1
1,12,27.156367136394252,4.173846721596241,75,0.1046751572562003,1
2,15,10.639314636279613,2.7871416749546274,75,0.09351195606186657,1
1,17,23.44301654139945,4.474533989955189,37,0.09981036805959903,1
1,11,14.830608238501036,3.1476701483979324,48,0.13267969623905224,1
1,16,28.62478029106649,2.609781442637923,70,0.11110280187425864,1
0,3,24.8782025326797,2.3651212546885363,66,0.0902767900186866,1
0,5,11.27387256899365,1.145970503698423,39,0.075063328443841,1
0,9,20.794753630618423,0.8045356844799689,72,0.08012521567945974,1
0,10,34.558501842040044,3.318722810371836,77,0.08442315009464446,1
0,4,25.36970780841433,3.638148616580758,41,0.09960955135243615,1
2,12,15.437105104190657,3.3767144293493807,63,0.10770277627218294,1
2,9,13.991474977665476,1.81280195453236,63,0.11137744241551406,1
0,17,10.396332902484597,3.4391418296766103,51,0.08788824688486974,1
0,17,33.59873479107332,4.986343253842257,32,0.02264943176622325,1
2,19,38.0823950174178,4.639931446183918,52,0.03878860797448813,1
0,15,18.96592971042244,4.376409882611545,76,0.07430035305889315,1
1,10,7.821091975673714,1.2582684423460442,49,0.10860221575234247,1
1,8,37.13171559730645,2.1581988292382466,47,0.11000721447322248,1
2,11,8.714969027754988,3.027556132584733,70,0.09815602315560795,1
1,2,30.531439919635105,2.5735216480451,59,0.11694687500314438,1
1,9,28.74802045955676,4.682489007360913,35,0.09882588868562658,1
2,10,22.49086924765094,2.1970755154727724,36,0.12082756576818543,1
2,17,23.431751023597407,0.7184351587471081,78,0.0595774960716281,1
1,1,24.75601512105488,4.948954141892117,76,0.04658393122937743,1
2,7,7.829870296291801,1.717635288901118,47,0.1010281361368936,1
1,17,22.352630288100386,4.93754990913052,77,0.06058390180817097,1
2,1,33.00403562570662,4.011797381292146,32,0.05645252318052796,1
2,6,22.91791507946612,0.6991331573160902,50,0.08669106434882295,1
2,10,16.250283904699565,4.480093806885902,41,0.11094433558054878,1
1,16,31.27134502769088,1.1761267775083026,58,0.10098735291228073,1
1,1,17.9968333742068,3.1677325771254305,79,0.06078348141483081,1
0,10,24.972551347946528,1.1514544269742004,45,0.10079461052929978,1
0,3,35.37655479128253,3.8637759426707112,71,0.07213154200477961,1
2,2,35.34250507950317,1.0346211426191685,47,0.0434508911890934,1
1,4,24.11585708239272,1.3117625735987943,61,0.1102729426264416,1
2,7,27.484019964387556,3.4116729096166445,45,0.1221389146760044,1
1,10,35.803237270170044,3.0895085262729456,54,0.1182173657544659,1
0,6,25.67940360783984,4.021002341506897,37,0.10349472460677211,1
0,12,32.712269936934575,1.2044971570728662,34,0.06559799556639151,1
0,17,24.694455718133764,4.343508127030669,30,0.047200156688711026,1
2,3,30.87343493212789,2.673283671955129,43,0.10536299198897126,1
1,19,31.325489579947007,1.71607864069025,51,0.08987428880345633,1
2,14,27.371204985174728,0.6042398895750627,30,0.05895586736790137,1
2,5,29.03008256896122,4.255406336304736,44,0.10879327687784873,1
2,18,38.777417707302114,2.697188462827099,42,0.06829394674726724,1
1,17,22.15405251516388,4.896339166892155,31,0.057467190067357454,1
0,16,7.708052426845104,0.7278382256085605,34,0.037387890360208065,1
0,6,37.24376887675072,1.3840291322762108,36,0.06828367904864685,1
1,2,12.193324391298717,4.755314210511575,31,0.0529101451943399,1
0,6,16.167259187979816,2.2769678237477646,42,0.10907301121831597,1
1,2,25.751932963622785,4.961557157777726,33,0.06405552966428729,1
1,7,13.036959874040624,1.3968517735328625,66,0.11939955040878125,1
2,9,35.0182119768833,4.440202214575825,44,0.10015664102906169,1
1,17,6.182567096975351,4.853885207261971,79,0.036618054989606796,1
0,9,26.60637720410108,0.7718093596644685,33,0.06935987319108772,1
1,17,27.669796641200545,4.4507993891912845,64,0.1000801248684779,1
0,13,15.736787445237791,1.3389690916153412,54,0.10045641117358689,1
1,2,37.651676745202856,3.225633627622938,67,0.08275706918310277,1
2,2,20.580841473877328,1.863758967830054,35,0.0892355224551748,1
2,9,35.92655261769171,1.4648760325832406,58,0.09918393859696495,1
32,54,92.3722837051142,178.14640757985111,169,-0.22281536453706052,-1
0,19,8.457627345311378,2.3800569853477263,51,0.05590301631426575,1
2,4,24.730668472535527,4.114215269604987,57,0.10518619327393602,1
1,2,7.374266999550521,1.5223570573288898,60,0.0888330396946968,1
1,8,13.9838045579133,1.0679553297645406,64,0.10993547411989024,1
0,4,35.03417274318426,3.649103752301229,50,0.08601929930457691,1
1,13,22.73124810329689,1.093262584104583,51,0.12270554284959678,1
1,16,7.572316192827078,1.9131230675975053,58,0.10645396077242952,1
0,12,27.65271030555958,2.683342041674244,44,0.10809732040045628,1
2,3,16.557593958646592,1.5766845316121278,48,0.09876843155146176,1
0,19,25.52575332207332,2.366754275450183,46,0.06827936923392197,1
0,4,32.56540606133434,3.7422814497420194,61,0.10546679396403585,1
0,18,7.79611826588094,1.1697698243255843,62,0.04098210688892712,1
0,12,9.555036229691042,4.699367061613783,41,0.08199229664789326,1
44,59,81.71480235192197,89.42420597633543,174,-0.22494277567544385,-1
0,10,6.12130840948493,2.6960974678034724,73,0.06766538450537551,1
2,5,33.15803823970192,1.4615585170363694,37,0.09013336771248304,1
0,3,18.78039949913847,4.628077085743396,31,0.04675987039987184,1
0,11,31.722411140550697,3.5618328099348995,53,0.11590540704349728,1
0,17,29.076646943251816,1.433753129643457,30,0.05460936046185838,1
2,6,17.670604790008028,3.273467681409498,59,0.12299558233281843,1
2,12,9.8288878066444,3.397430292118411,34,0.10028836600098456,1
1,6,20.88120667789512,1.3964605760367017,36,0.12721286893474287,1
2,18,38.714816513311376,1.110320206635829,56,0.04688046382440336,1
0,16,38.01501039345312,3.988383844757204,63,0.06237442671153565,1
2,13,34.03604279210478,2.286558289142897,42,0.10410847542049823,1
0,5,24.22926392925166,4.1333540323007325,76,0.0822393918587428,1
2,6,34.21222339668205,1.7579854578254015,53,0.10459687121863503,1
1,5,31.98994413463395,2.026219727692846,72,0.10920629532032883,1
0,17,24.29125291637125,2.045089907318268,52,0.10022359183108354,1
2,11,18.045729069798178,1.3866966856967318,43,0.11754872823587886,1
0,16,38.80677256332343,0.9209120036367546,57,0.049174547916604916,1
2,1,19.19317219905188,2.0842858157656536,33,0.07303431920391323,1
0,16,34.408466446209815,0.90045442613698,46,0.06938440927958667,1
0,3,38.6609800369829,4.842937737868087,59,0.043332794140313324,1
2,17,13.564668301942046,2.91075057635045,56,0.10396780111085441,1
1,4,21.8433566672168,3.773788435011029,42,0.11894015889044168,1
0,18,11.094272531624773,2.56979481668531,34,0.05231056763405595,1
0,18,31.45507045716485,3.760681374943808,73,0.06962782329426598,1
0,11,7.111107825245811,0.9159071007549092,55,0.0682106963089486,1
2,17,5.18403040642539,4.494200415917501,75,0.03484820511473108,1
0,17,20.768319101425035,1.7259983178609295,77,0.05958356517797392,1
2,1,9.880820649449142,4.699055451390645,58,0.05985454007015445,1
0,17,14.859985391257808,2.99694020072836,51,0.09498222694806391,1
1,13,30.79669023544464,3.709455811790937,57,0.12713993171575466,1
0,1,10.317287911317983,1.1438124730044448,34,0.03341607169122751,1
1,10,12.59045180043369,1.3332530764588313,42,0.1262539583382153,1
2,6,25.22938684265664,0.8320816765587771,37,0.08957114385228515,1
1,1,38.5521339289331,1.057551275597564,70,0.04494978505151981,1
37,193,90.84322552520165,180.99643645541016,154,-0.23391253563211656,-1
2,8,22.687672216546915,3.557443666369371,35,0.12367886232474606,1
2,14,6.226362451961593,4.309420557424314,37,0.05915465774666184,1
1,10,14.391523110376854,3.923625863367216,31,0.10633895696167356,1
0,1,8.503846497200174,3.432983678634165,39,0.03915009771063804,1
1,10,29.727555575855487,2.6660398665410945,55,0.13010358912074738,1
1,7,20.600941988892444,3.127528554220868,41,0.13965515980260673,1
1,2,24.77484221088539,2.2794281104322773,61,0.11481651770280654,1
1,19,10.154061315550583,2.6944244033528117,36,0.08434484592995312,1
1,3,24.26808877727335,1.4861004040778254,50,0.10746050629154713,1
2,4,11.159150597145777,1.0076335059385173,45,0.07472919201874861,1
0,5,20.418206743297645,1.846642013249772,60,0.1000390340307244,1
2,18,33.29038427077672,3.4450455032736644,57,0.09907852457672944,1
2,1,15.352373257867486,4.054978136069005,31,0.052189358395166474,1
0,15,17.385939714716788,0.5891069489192498,51,0.06607337918374007,1
0,3,23.4336212795284,2.612625028745061,76,0.07804133589697948,1
0,11,7.394357960989183,2.67426183520132,32,0.06626608427438441,1
0,18,10.69454618078897,3.3255306926973653,62,0.07029727712930017,1
0,5,24.442022334337253,4.7221164649327605,74,0.08537191023262475,1
1,1,15.130357107646136,2.5260340965807955,38,0.08800828747858463,1
0,9,18.352721863938,1.959227632479772,45,0.10764841350123455,1
1,13,37.21339413208166,4.840871500932861,31,0.0408089297995653,1
0,18,26.416779607599228,1.790008486884668,40,0.0725709016887282,1
0,5,28.63483812386368,3.9842287642615486,60,0.11567558650197024,1
1,13,9.69150932878564,1.9398548818154304,38,0.11826705813557453,1
1,10,21.022889050642217,0.722653509645561,38,0.10146871162303911,1
2,16,10.951630419263576,3.651666404431384,39,0.10261256625759524,1
2,14,20.5993021875259,3.794278890651665,37,0.11288919808136799,1
1,7,36.678330034770894,2.207480140143732,31,0.08269325692002433,1
1,5,28.521775415781608,3.714202844392727,32,0.10160452940497805,1
1,19,37.30706281851996,0.5104794955882128,63,0.03686376033984251,1
0,6,7.379279226253259,2.526311958234404,76,0.06343739090262768,1
1,17,20.004983058484022,0.7151908504661074,58,0.09195775364501163,1
0,7,35.421691140475595,1.3622320249774988,43,0.08721394307749175,1
1,5,34.16961192948065,4.906940707892812,45,0.07471863468686607,1
0,18,20.293653758843902,2.3737053856165296,73,0.07030444052663648,1
2,17,14.616034667095526,4.6977542478839975,77,0.06629446536478756,1
1,7,34.42503598916536,0.5227865623338757,62,0.07326840453362221,1
1,6,17.359371230183378,2.585706026689582,35,0.12652987434484236,1
2,6,20.520973869127484,2.1717609731330736,40,0.12247455228207393,1
2,13,31.18827753946116,0.6712416437673285,35,0.07375583420534132,1
2,18,28.999685421778373,2.2138640608521145,59,0.1022748264858841,1
2,6,20.914993525024112,1.090421011219211,48,0.10937659477328987,1
0,10,9.183746963926708,3.371378201067708,32,0.07628910816012041,1
2,3,21.35926984294592,3.942287408604858,49,0.10272939280025578,1
1,10,6.480261243640022,3.261590443793921,47,0.11036813025541481,1
1,1,19.651020908042938,3.6199908217925625,49,0.09821858715888154,1
1,2,33.21034434997089,4.100875177508442,75,0.07908207353173319,1
1,11,19.381490258034287,0.7494212344934212,70,0.09722069723384485,1
2,11,9.565081618922912,2.273387017954664,34,0.09713652354264646,1
2,14,35.31853510560664,1.890939196505276,43,0.1054660595964152,1
1,10,28.812639631239573,4.485475212370968,43,0.12319316597917712,1
0,15,27.0841543309218,3.992950858825896,68,0.08818418819284346,1
0,10,9.849695353859058,3.941622416853669,75,0.08749665476675156,1
0,11,38.536124592787,2.325377905650724,67,0.08088261376114747,1
1,15,36.23820473143343,2.031508556017555,65,0.10608082949637637,1
29,92,82.83609297508741,179.75377182019255,185,-0.22763175834645655,-1
0,14,10.157593908255024,2.54736444076532,71,0.07738812734712897,1
2,19,12.983627022868449,2.2345300345200165,40,0.0657680546562956,1
0,7,9.649885329956213,2.8736934318464744,69,0.09255080005616956,1
1,7,28.197354863802065,3.3293482141166426,52,0.1323308380154854,1
1,4,36.271332129318026,4.763235221131516,77,0.05789601373498943,1
1,5,16.15967999407237,2.4248230320843605,50,0.1281429885494182,1
0,12,9.905370223228438,4.667772060749417,49,0.08966848724733534,1
1,18,17.84230084886759,1.8466663283639424,52,0.11314572217504426,1
2,8,23.474289752385,3.182844904118681,75,0.11030841463914659,1
1,14,38.73637982540153,2.104103636813467,66,0.09414361706546842,1
2,3,18.085415833849098,4.237870549739948,44,0.09021644292971076,1
2,3,11.616348931313397,2.21371366939649,66,0.09418025144037523,1
2,3,34.07225858942266,2.99528660909864,79,0.054141535172101074,1
2,17,5.465158504962088,1.5370572378850509,77,0.04362597328729023,1
2,15,6.9889219019518265,2.9251994893998328,58,0.09327633430836535,1
0,6,30.830718495356763,2.2943232498906614,41,0.11017715854118243,1
2,4,38.350891209282494,1.2091759372871245,58,0.058620588937422946,1
1,10,5.200590519453141,3.423104925425882,77,0.07323983224886926,1
2,13,30.647920876473123,1.634534480731714,54,0.11586434849904975,1
0,16,38.43275787042996,2.701625133318428,60,0.06587000432507256,1
0,6,10.047718468838292,3.308558174885225,61,0.09881554714617896,1
1,5,23.929442578599147,0.7106174405432134,40,0.08719493220921137,1
2,9,20.554768144435343,3.030054389179028,57,0.13156863096941718,1
2,11,8.504546964208723,1.8170312888126925,54,0.10541769215744817,1
2,9,39.36259302459733,2.7759990812957738,70,0.08020411830802726,1
2,16,9.44441084118278,4.6822015751634165,30,0.03730978635161142,1
2,8,17.771047713313322,1.2275779635030255,51,0.11440930632653429,1
1,6,33.608419948068104,0.6093080635375163,51,0.09396314237094644,1
2,7,22.67565610414133,4.706541535781638,53,0.1132191501934805,1
0,13,8.541235819140166,3.256103882418168,78,0.04964465988235944,1
1,17,18.27184370656152,3.640456277462296,78,0.09203851210247649,1
2,8,32.56387774641904,2.7852401788279355,53,0.12450975250272955,1
1,8,19.37271092837979,4.234150614274456,73,0.11013766108551415,1
2,5,30.027946518119933,2.0564800422356013,43,0.11330820197605351,1
0,6,38.96560210869173,1.8812783264962307,76,0.05621893369466757,1
0,2,7.961546846522834,4.05171377168338,68,0.056761252926391226,1
0,7,15.062830754356778,1.3793338835080944,43,0.10178685562253054,1
1,6,9.068149630026554,1.5421361674618823,45,0.11885941581560416,1
2,7,16.384123628512416,4.771449657858163,66,0.09962664213790684,1
2,18,32.23281350177951,2.414346381048324,49,0.09717210358768591,1
1,8,7.483475336445253,2.220797295423105,72,0.1072003111290753,1
2,3,29.089220665981937,3.4782081903600828,75,0.08218885608858517,1
0,8,21.40086043404205,3.2090214843472147,67,0.1039747528769348,1
1,6,22.788085328002698,1.1528754837681596,54,0.12494068726438357,1
0,14,22.096717346638403,1.076635547311729,67,0.08534988469857041,1
1,9,34.18183734505709,4.700617939950496,36,0.08345710633327036,1
1,7,21.55776115802702,3.365332636278004,53,0.1428176558726148,1
1,3,14.00587506729268,0.6521636567186799,61,0.06743480690806963,1
2,2,28.87738793961628,1.0315796078315331,34,0.0588433040144859,1
37,199,93.32182897108544,85.73730441072496,143,-0.23138137551347682,-1
0,15,22.40046995916769,0.9742321390700772,73,0.07151020185098739,1
0,3,9.40723870437176,0.6758838712036064,75,0.03329980612704364,1
1,7,26.414465444731174,4.877930441754087,79,0.06455153195903268,1
0,15,37.78205905177905,2.700601659056399,60,0.07150687781193477,1
0,5,6.044276581680952,1.6279275147671413,58,0.06879524712712548,1
1,15,25.327719158043777,3.565942729577051,70,0.11397386595378195,1
2,17,24.87540328095785,3.5852609640817024,30,0.07558017239136156,1
2,13,15.997919358182164,1.4099085074647777,36,0.10114519458274462,1
2,9,15.195972877224438,0.8564067586850813,69,0.0891708209714388,1
2,10,20.03600467058933,1.5334543195819044,70,0.11034373843012951,1
1,9,38.06826935181324,0.5660603088818033,63,0.0653313949488234,1
1,11,37.23901509182592,2.5647109141585704,65,0.10527825032532673,1
0,3,13.607110690222877,0.8917229502100341,33,0.04726937488038574,1
0,10,23.007446412162665,3.7209586707062607,60,0.11627285667446602,1
0,7,30.86176195259017,3.377321464132032,57,0.11361284051814169,1
1,7,18.890392658722543,4.156248146979372,55,0.12170895733112491,1
0,15,14.929471214494692,4.755036334755774,55,0.07990032071456898,1
0,5,39.18038696857494,4.843752241496322,59,0.05163106547595264,1
2,11,26.99567047416751,4.404377824509918,66,0.1122897019808004,1
2,15,18.959973273374917,2.4214750568936587,79,0.08964424353495831,1
1,18,13.065801892816465,4.2701171846166615,54,0.09094193788223959,1
0,6,13.531995079318152,3.937956053749501,70,0.0911372572433673,1
2,15,36.71295142714513,1.6800001233169817,35,0.08523196547968492,1
2,16,10.823586948789332,3.2478421297659863,59,0.1041501575122622,1
2,7,10.492189657418136,1.2922548252914832,56,0.09470147348689162,1
0,9,15.060729045818528,1.960858966425472,79,0.06497103585102121,1
1,13,33.91971670922317,2.45117208241133,53,0.1203388919223004,1
2,19,9.849903443013517,3.157014066228192,43,0.07226983950153415,1
0,10,24.97039861145518,4.355866268116048,44,0.1082959635639349,1
0,18,30.92957946566676,3.6045002856419934,51,0.08846903133253786,1
0,7,39.97157926563131,2.265009054469153,78,0.02877988887998395,1
1,2,23.991903488468573,4.315973276190201,49,0.09866038172270103,1
2,6,5.802314011072054,4.998903543329709,63,0.03501621083881801,1
1,8,28.07111398992752,3.043994055972409,31,0.10717421497325674,1
2,8,27.87042247344465,3.783000240029501,44,0.127325632002539,1
1,4,15.534351771851265,4.39384308405786,38,0.09265249382531854,1
0,11,15.669914700569729,1.198428148943149,67,0.0858305526709956,1
1,6,17.221180206462726,2.535556678699232,71,0.12427166720540478,1
1,15,19.40152267730172,3.177052981304,51,0.1262759436772506,1
2,12,6.355196097674327,1.6687319827451448,40,0.08049453348066499,1
2,10,6.982378495092178,2.140142341964239,77,0.07847189783279718,1
2,12,15.626705291450818,4.612274296186154,38,0.09752687248723785,1
0,10,19.45876527927228,2.4777099189042984,69,0.0957062029102253,1
1,18,25.16314049404426,2.963463792439,34,0.10406062973158714,1
0,4,21.00730353726513,2.6826984532172893,31,0.07843312347832532,1
1,8,9.2759979086821,1.5747442475157136,76,0.09659816467661553,1
1,17,35.777553972495284,2.678636813841337,37,0.09358006862037294,1
2,12,21.398640265592157,0.5636050140555062,79,0.04407533321726054,1
13,184,95.70769240425956,140.2481278314577,133,-0.22854430033637652,-1
0,18,22.66240177316325,4.831042734405365,66,0.056810482588492306,1
2,1,38.588384246980745,1.8526233444054836,35,0.030724228143622745,1
2,9,22.23940868071257,2.4771319785734427,55,0.13249894314714605,1
2,2,20.978427397263083,1.9456845420652764,60,0.10774279989204266,1
0,7,18.023988919796984,3.989064562199157,41,0.1074295709334046,1
2,11,8.654499772351073,0.7120929880818965,55,0.07444626896334039,1
2,5,26.566317738090497,2.3558730750825108,57,0.1185211187294376,1
0,5,35.329293587983635,3.985291265771415,41,0.08975907128277272,1
0,17,28.616417867385348,4.954421328452847,35,0.04750107892003985,1
1,3,5.895330591111476,0.7985015093724246,39,0.058934204370612586,1
0,15,37.845849813844985,3.8083341634059713,59,0.07183073884648505,1
0,16,38.201945653388655,0.5313082283845745,34,0.020564070144305613,1
1,8,7.655077579110904,0.5152729193820667,68,0.06421945709351795,1
2,2,25.824231048726773,3.4881109536789463,75,0.08044283593614726,1
0,8,11.683145306231696,2.454461870061604,48,0.1061332094197679,1
2,8,10.660593249595747,4.761961339753585,79,0.0634673119476582,1
0,9,13.892645741425904,4.768968074800714,44,0.0950505480389055,1
1,13,39.1865496600907,1.4208437198075683,78,0.06093365944519891,1
2,14,35.00820239012616,2.7371913329700943,37,0.10238758806844944,1
2,9,34.71610577201642,3.823015819052036,78,0.0712124603009181,1
0,4,19.35076141842653,2.6402072334038778,71,0.09168101609192175,1
41,115,88.38758673162745,185.6867702201168,140,-0.23607002022311285,-1
2,19,13.248386786440786,2.2042569326207944,78,0.0562129900531142,1
1,14,8.651733179153375,2.774298425105134,55,0.10698724513755137,1
0,14,24.61122009242153,2.0383082172615485,62,0.10330406594680475,1
2,4,23.14365858876527,3.501451333811549,31,0.09000380527434915,1
0,6,5.735359395726708,4.815844866057532,55,0.04856247068766806,1
1,4,33.47713458058232,1.769831348417862,58,0.10847574126799447,1
1,2,29.9043513296056,1.3522192844195746,47,0.09720742918385922,1
2,7,28.609154868005017,2.8324959509916794,48,0.12559028343388912,1
1,16,24.599768070852267,1.2299224071824306,30,0.0904617416953295,1
0,13,19.38944664654645,3.754440802185214,47,0.11068987165603245,1
1,8,34.867884169270724,3.184676406006984,71,0.11199545944416578,1
1,5,23.26596420171257,3.7697670446266343,60,0.1277562026174171,1
0,2,7.291166041173547,4.1658732524464455,66,0.05663571793793487,1
0,16,33.59225035838185,1.665745510012929,39,0.08505725065676223,1
2,11,6.399501232742702,4.160904502010574,38,0.07682512509838996,1
1,15,26.350407879749103,3.697547626284788,32,0.10491159090852775,1
2,16,21.163725977185,3.9906045387671463,72,0.0909418326153415,1
2,10,35.67756243426121,2.234941245810267,79,0.07285398558305534,1
1,10,17.573840615788686,3.676340247440524,32,0.12010336229881796,1
1,15,28.608054684330053,3.7685962574499534,62,0.12108083112482965,1
0,8,27.88974891266968,2.0366928064206764,32,0.08547987973914528,1
2,13,33.4814850031685,3.655455365910701,34,0.10228749115382563,1
2,9,16.205606727139905,1.4525225427536468,60,0.11612026361519456,1
0,19,10.07266827879577,2.371189764288788,74,0.04340185192081836,1
0,7,22.970821238788037,3.570886845110326,74,0.09917163336042639,1
1,6,6.826862467354177,2.832048276357745,54,0.11358867275814183,1
0,16,9.774011399638612,2.605765347154315,47,0.08983772641020304,1
1,2,36.97590665843217,1.4616521844421833,49,0.07124822664501612,1
1,5,37.63421250994999,1.7650204917351535,45,0.09307559501818097,1
1,19,13.92426624368216,1.4672106441982242,47,0.08870729530737914,1
0,17,8.264841143622697,4.230639337626657,74,0.057368894211338506,1
2,9,39.60891831578478,2.902676378222265,50,0.07761648868074261,1
1,5,29.75841755877301,2.518505409740178,57,0.13146508833483145,1
2,10,19.82138361046365,3.659793210309972,47,0.12875794124117024,1
2,11,15.648709288324955,2.4508818153974983,36,0.10744270755964269,1
1,18,13.01059710167581,4.497752268651016,57,0.08821391621607566,1
2,7,38.54775899863525,4.047099277201753,50,0.09044371357961456,1
0,5,33.406844826713495,0.5403559423754852,60,0.06103543471355699,1
2,11,37.27668247156157,4.2281667868650885,68,0.08574535204562156,1
0,5,20.03015653746848,4.388283201208295,50,0.09985169519387599,1
0,16,6.635403165486432,1.7825194177724242,63,0.06610151946356829,1
2,13,17.433994200496375,3.1403539909072347,58,0.12344642695493441,1
2,11,24.28853645585806,1.7969607949605693,58,0.12651335354222581,1
2,14,22.962943303996024,0.7375865271258155,51,0.1017030047572175,1
2,15,29.590207148412347,2.7086267469767944,61,0.11256564579821882,1
0,5,31.68347479724576,1.5243337043689964,53,0.09395719146597586,1
2,6,20.595880463329607,1.8646780189330157,42,0.12346341097101055,1
1,1,6.763879020101218,1.9782593033831453,40,0.06874923628569923,1
0,7,24.132041707551764,1.5695236202053595,46,0.10661715734898819,1
2,13,13.293865749933106,4.904516495524805,74,0.054084896723757936,1
0,16,7.612707013140225,2.9136040503718927,79,0.0491649353234187,1
1,9,38.98744166157484,2.61963612988532,41,0.09621467207411344,1
2,12,5.239119031037217,1.8780093942620852,60,0.07190663573702494,1
1,7,7.897598588669037,2.88656962653198,63,0.1183564981994048,1
0,2,15.493206768024322,2.7301006485819856,66,0.08394335908157685,1
2,10,20.38191584774968,2.781513650221643,61,0.1283453772385884,1
1,3,32.603589184447735,3.8277652319964433,34,0.09165750022710922,1
2,3,28.674028304869843,3.867058169963264,57,0.10144896075649557,1
0,3,21.915267829510157,4.120816016634831,61,0.09491302770255117,1
1,19,5.592452962491248,2.77811250895877,60,0.05775665261705032,1
1,9,30.19880817306001,1.7835358587097772,32,0.1048730881413168,1
2,2,25.494020978421126,2.090999210493375,79,0.06917151007735844,1
0,12,15.046927258174788,3.713736078707466,45,0.10518717811610573,1
2,8,27.522992392973105,4.817500021246471,40,0.09438353431042878,1
2,3,17.594713577772495,4.556204038172383,44,0.08778700013991408,1
1,13,29.269661358869858,0.8162332417048319,55,0.10750763333439928,1
1,19,14.105110550244795,3.1963446676182814,39,0.08644392856464167,1
0,10,16.472574374104987,2.859510573081632,47,0.1201248099635347,1
1,3,18.47396663422349,1.9198011082866688,51,0.11628205934104213,1
2,5,25.85469238145301,4.734946648876786,52,0.10061208323704218,1
2,15,19.45422618110149,1.6845583191183362,49,0.12037481513843712,1
1,2,24.707603658793072,3.100407193683898,59,0.11653070269869892,1
1,5,14.40704621827669,2.5083618890054424,62,0.12278202101121549,1
2,9,24.970850498858866,3.4317982458891603,67,0.12463624716282024,1
2,14,36.27427469375118,3.865774192322392,39,0.09404562242544118,1
1,9,8.98148166218232,1.4546852076010992,39,0.11611784264868807,1
1,1,16.238001096961234,3.0803990369306926,43,0.09904825807408768,1
0,5,37.73943318320048,0.96242208121203,64,0.05581300858956206,1
2,8,8.64820646372963,3.700201107667097,41,0.10889064424760098,1
0,11,22.503091128194946,3.7297282035258874,39,0.10764211704845161,1
0,17,20.69690331914457,2.983429629332155,36,0.08291161813351361,1
1,4,9.092004078585582,4.593052670192733,74,0.07825515681450756,1
1,12,31.318854144938825,0.7786300932609882,35,0.08731066516979774,1
2,5,34.326406140751104,1.949059225696556,73,0.09193409617871823,1
0,9,12.824999767222153,4.657284829697574,55,0.09511527971672468,1
0,18,8.362770436835103,3.836788964708037,77,0.04219761638923469,1
2,15,21.867926084403774,4.5144570785798255,37,0.09797829467994118,1
1,8,24.40614688539385,2.16033095546343,42,0.13581639261716266,1
1,11,13.285149036733133,2.2223104706743517,65,0.12185882736166054,1
2,17,17.73286189618845,3.1692841958200124,78,0.08797030454585192,1
0,11,28.190810506828868,0.8236039378763942,54,0.09655980057151942,1
0,7,35.83672864344106,2.539687153326575,47,0.09618777800103001,1
0,12,36.10148739946774,2.527751922799585,43,0.08694807071886701,1
0,3,11.22923295323799,1.0076650551807185,54,0.0740441975211989,1
2,11,19.104599409950104,3.138098429918273,46,0.12864487933687724,1
1,1,34.22978104569226,3.2343075304987927,68,0.08412039961627715,1
2,11,5.436802366191001,4.494889686522915,71,0.05313033467423678,1
1,1,33.12054762658859,3.853797695553974,60,0.08184669586536936,1
0,14,29.00240217231257,3.8142083896553753,36,0.09089282189134107,1
2,7,13.627848191703713,2.247708755021369,78,0.07965169406332168,1
2,8,29.83665258511264,1.3355609142153613,59,0.11185377436017846,1
1,6,10.757476162180522,2.2358014818779277,61,0.13051365628376738,1
0,2,13.382242223579787,4.517827302095793,41,0.060147120598249226,1
1,19,39.17427828333799,3.4178899347284664,66,0.06162293736367941,1
2,4,5.019534034860651,4.064976420067104,36,0.041966730292945176,1
1,9,36.0311300294951,2.222852101001248,75,0.1029120069184663,1
1,5,28.54519397692908,3.796461606302152,32,0.10018892490361775,1
1,14,18.129334969134813,1.4538160864561702,65,0.1149438193787638,1
0,6,12.19219706065198,2.726879653476505,58,0.1024535735843447,1
2,1,26.709165612523524,4.308599284100107,31,0.05847474876756198,1
2,3,33.00748331048338,3.1929491557253944,64,0.08918420730435195,1
1,13,29.87539400181178,2.967451432042965,72,0.11435306324582767,1
1,1,39.47769774843059,4.401783601996563,60,0.04391245889107642,1
1,3,20.365008113948928,1.988208926156841,32,0.09689742351013914,1
1,17,6.420699109175344,2.929594303256316,58,0.09063792528992498,1
0,8,18.29497808908328,0.6080924636285878,32,0.05344718380525437,1
1,2,13.608097763846658,1.8660986846713083,32,0.08678920552297753,1
0,11,28.59995360970136,1.2485063632571929,48,0.10336431284433611,1
1,10,25.056041957891782,0.9006885287550522,67,0.11776596884152857,1
1,18,9.55250026599939,2.108268885653815,65,0.10538363112587334,1
2,14,38.207036932502,0.9931298247583136,54,0.0766174628876341,1
0,16,13.413058618244904,3.5366413693947165,47,0.08985446960814875,1
0,6,34.85695004546905,1.825581170992724,53,0.0978079349024722,1
0,8,30.954787096245603,4.079381000359994,42,0.11107143203100339,1
0,19,31.555023332598715,3.706331705478956,70,0.05888742038006134,1
2,17,35.40539777185589,2.237779246876954,60,0.08829424209914599,1
0,3,11.118377005239324,2.615902336166946,36,0.07741597275693163,1
2,10,32.32905705931695,2.352076908976323,61,0.11725190026899496,1
0,6,39.62930910878736,3.3240492043008705,39,0.05628075227442375,1
2,2,18.79582162284484,4.660419271709459,54,0.08170098983808788,1
2,2,38.443863187082535,3.595134584259447,40,0.051766293413221476,1
19,103,96.32611040323542,110.83713400105934,199,-0.22800947174548458,-1
2,8,33.93782131359667,4.326532273106495,60,0.10402876921025556,1
2,7,33.80921189792638,4.191171491676546,39,0.10343004046485815,1
0,9,7.329784049375839,4.571499909615113,34,0.05993493207734579,1
1,3,23.401210860642777,4.8203086607527394,58,0.08915187292943733,1
2,17,20.136836649576047,4.483716952939162,47,0.09261846205999213,1
2,16,14.435238933439278,2.313785438059955,64,0.10646618624492082,1
0,10,34.035654729104024,0.7659538302669149,54,0.08462642465926157,1
1,8,35.306957065989266,1.6589903428774964,73,0.11121961602776004,1
2,2,19.522372597695828,3.892807761465014,59,0.0922696807260735,1
1,11,10.901124331146828,2.4920150562031496,76,0.10904503938382576,1
1,6,27.6187977958355,2.243174749430055,64,0.1298390460452894,1
2,18,7.3513472020096895,2.0405056436351314,53,0.08164380406256389,1
2,2,29.08806871725792,3.427376356624677,32,0.07539604739270411,1
1,10,8.6761840812418,3.822926093345501,36,0.11888520739143288,1
0,19,23.16742578798279,4.369715769557797,73,0.046616920417114516,1
0,8,11.584366131017848,1.8567704689058744,39,0.09125898115498549,1
1,6,25.04876056772782,2.033383841040377,32,0.10841954569183887,1
2,17,7.722483490164902,0.856717737316786,58,0.07325023747140608,1
1,2,9.391215316525807,3.285691558072178,55,0.09773958599975024,1
1,12,25.624358510120715,2.3393943918825246,62,0.12506315368833149,1
2,15,30.66107839566386,3.672609884213639,50,0.12167042959221736,1
1,8,37.93883504399695,3.5808631551258223,49,0.10104469202194155,1
27,133,97.5404544445735,66.70140820629858,100,-0.20812747686271849,-1
0,4,27.96309521639832,3.365497793903173,74,0.09353770197733052,1
0,7,24.57919821165751,3.7016619716414567,64,0.10807285042348191,1
0,6,5.44867473137985,1.433386869368538,30,0.028983887377166728,1
2,12,18.466671186106616,4.969606878968726,41,0.0828202333151189,1
1,11,28.84563411786084,3.325358562734614,35,0.12124617219801564,1
10,191,96.6486792529701,187.88035129780832,144,-0.23458672597567176,-1
2,1,15.133841893143453,1.6292620833315317,57,0.07590644412542163,1
0,14,17.742632223926893,4.450694356201592,52,0.09655540072569252,1
0,7,37.7661090778848,3.532588137031269,78,0.0476964111765934,1
2,9,11.631103803927324,2.148722922865609,43,0.11751916076062258,1
0,3,13.389823361872011,1.743022802086058,30,0.051651835424079806,1
1,14,24.67660855816693,4.696167004172172,54,0.10828012807091203,1
0,4,11.56885256082376,1.715809313594523,32,0.07115346654808019,1
0,7,32.60220797528878,4.121918205712996,60,0.10672262426587448,1
2,17,6.708881751039795,1.6014483707874745,40,0.07170646027307881,1
0,10,9.8565116775579,4.862729490732617,78,0.05074844227273745,1
1,17,13.21960075788593,3.4692753441706325,70,0.10083803044577833,1
1,17,19.11171800358305,3.490452226802601,38,0.1183009587216648,1
1,15,12.21744951739448,3.4078388549114265,52,0.12093811131927651,1
2,5,37.4161517989277,1.876251217430332,54,0.08700712241090164,1
2,4,21.11899237532116,1.831821610606126,34,0.10118970148147688,1
2,7,37.97127836927049,4.053440066185196,66,0.08661438808089156,1
0,4,26.59495657809948,4.987261276350597,59,0.07440357296665512,1
0,14,39.74884812149731,2.05465016294694,63,0.051999319782337405,1
0,2,32.92274227315342,2.048289457135596,49,0.0774632303863898,1
2,18,9.488376604147078,2.150260032549352,57,0.09147644858354936,1
2,10,29.641100778514307,1.958808850033621,55,0.12636142578549292,1
2,16,17.732957540592544,1.8867010972217728,58,0.11649631460745413,1
2,7,35.88873942647681,3.689331550187318,65,0.097782354016831,1
1,6,29.75969475905556,2.175161559611692,53,0.1348271716742272,1
2,9,22.95659045696208,2.7065189360457964,63,0.12343255713377799,1
1,13,31.697254624421767,4.118902429756698,44,0.11564779229128386,1
1,9,17.250253102382448,2.802869981567538,56,0.13252501892093776,1
2,18,8.241705252834226,4.83320229301323,50,0.05610207544146584,1
1,16,26.63032227172735,1.4856289289019295,61,0.10920046976400266,1
0,19,37.38035080966496,0.5862229999836388,71,0.008889515854049512,1
0,16,37.698110030383496,4.898162623968137,40,0.04086967529480734,1
2,11,6.780744341343057,4.854812538325838,66,0.06212237185071123,1
2,19,38.28844663237343,4.627742793538219,75,0.03013957465551731,1
0,13,35.2999172266515,0.6901437189595805,70,0.05919771259057349,1
0,2,28.288322651877227,3.621745698717672,53,0.09151404979701805,1
0,13,37.36026624052032,4.197755197053471,41,0.07279880694187563,1
1,1,29.082929212512703,1.754832624246398,52,0.08479378183702035,1
0,8,5.311688493398796,4.355444388390232,36,0.03657266486431099,1
0,2,5.594376747807157,2.2493501691273785,55,0.04928011418972267,1
1,10,17.475606064635038,0.7446439322608054,38,0.11053298055697525,1
2,6,19.53511533481202,3.629779330595005,47,0.11743494424777834,1
0,9,19.26750851412458,3.7017255463521344,78,0.06920886096478512,1
41,117,90.19332522351542,61.41207339027928,161,-0.21743388563240162,-1
1,12,30.262968944660795,3.438676685640336,60,0.12895063926049716,1
0,1,18.33748932785017,4.233029986346825,39,0.057284653109718864,1
0,10,38.13597567943464,4.57173105999764,61,0.08173879569230824,1
2,10,9.67597742004838,4.652219008416729,62,0.10263690015451843,1
2,1,18.58672944476289,1.9108869735710745,61,0.08224497030078881,1
2,11,9.092368174444214,2.391400701622622,52,0.11016306330546471,1
1,19,30.55842853099902,3.630044511277816,63,0.0932528833259253,1
0,3,31.593584991827655,4.486546474651769,54,0.08242412143428418,1
2,17,24.021400902854392,3.4431042923139565,43,0.11395836577486951,1
2,15,21.744451083423773,3.406324736703811,42,0.11966375283804276,1
0,18,28.70090557879541,1.6029753372327715,57,0.07551414304145865,1
1,7,14.0814170664371,0.8178460527979772,67,0.10333187112845144,1
2,14,37.34955148276532,1.7598347400851129,45,0.09882103732970726,1
2,1,30.45098176936653,3.3949094122077863,57,0.077729064344212,1
0,17,25.74906334354131,1.935552711126397,50,0.09264319975271595,1
0,18,8.995455763281681,3.2967892394559546,75,0.052254813518841536,1
1,7,9.467636464900044,1.6329348891653082,68,0.1204031980482792,1
0,14,32.11993057671674,2.1825202880440777,36,0.08518286076437787,1
1,8,20.25515446487616,3.234047483842289,56,0.13700873632107313,1
2,5,8.088134582049992,3.720331370620195,32,0.07758835621078658,1
1,12,7.40432593584095,1.680366287996225,36,0.10697930982268111,1
2,14,19.0805105775088,0.8835374382922637,33,0.08973317159024186,1
1,18,31.140902029758585,4.650285165641282,71,0.08064766980811466,1
2,17,17.815754335357646,1.7131415844664095,56,0.11075240728417207,1
0,4,29.32445783727726,2.5705193488652887,75,0.08649050418416515,1
0,6,17.327053379610483,2.1008586122136736,50,0.10876175234203928,1
0,1,29.852239267223347,4.916407259443544,42,0.03642963917268338,1
1,15,24.39666432526713,2.4011071417123224,74,0.11609528810134617,1
0,10,34.95703106907742,2.7113639209437173,49,0.10017170683641818,1
2,16,12.689291281009355,3.161687871665751,41,0.10633969408914046,1
1,14,15.088134304405004,2.7626376646814403,75,0.10882486957025034,1
1,5,17.623265074658356,1.3283337128948935,31,0.0994617596893792,1
1,19,6.186669220395826,3.7499113700273567,41,0.06458070201982102,1
1,8,37.6055481567437,4.901720217873296,41,0.06693717789399478,1
1,11,37.02380223678002,2.8216787635723226,51,0.10671207723361031,1
0,5,28.741777938547276,2.8642408778437733,76,0.09031104240565441,1
0,16,7.6297298395328355,4.539118715728025,79,0.040143987816622984,1
0,2,31.94304709063217,4.528933106401503,53,0.07795020498427585,1
1,14,14.76331353245514,4.330673160089946,62,0.10695281606316659,1
0,6,16.391643335523952,2.581097003027139,46,0.11451114801520984,1
1,10,9.113942800875602,0.6879928258140968,47,0.09026172526889703,1
2,14,27.667149971137363,4.540285234031556,49,0.10104836338202339,1
0,9,33.93317435288206,2.827809141250288,40,0.09905571485944842,1
2,4,15.964723732727704,1.92609675322104,52,0.10324864919244231,1
1,2,35.45274140677155,4.137361801266422,35,0.06513051115168372,1
2,5,31.072589184916524,2.127923595609692,74,0.10228362840730537,1
1,15,18.96859778284302,2.773196239078221,35,0.12016466017646282,1
0,19,28.033235524486813,4.973640935916435,48,0.04232614568519111,1
1,15,30.335057068856297,3.636520319687695,43,0.12551409619799658,1
1,11,9.278306560033766,1.4811767093874255,77,0.08587574861161934,1
0,8,34.680346240280414,4.39718367112296,67,0.09145920846411182,1
0,10,35.617810254509564,4.26435244683456,52,0.09288079731103677,1
2,17,33.46816522440568,1.7049131077914033,78,0.07850471608592541,1
0,13,38.73608291035095,1.474502276907487,47,0.0767996897707709,1
0,3,26.942410195384248,0.518145524733604,45,0.044937414978888035,1
1,15,13.7596294045084,3.2328874001417223,68,0.11577652909422848,1
1,16,11.288409306236446,1.963692956231184,48,0.12038641336147232,1
2,7,14.187134221358033,3.6749637067150087,44,0.11413071230688865,1
0,12,21.399412823681693,2.355613249908888,30,0.0756277293142415,1
2,16,6.626750725084355,3.663777599577601,53,0.08382175553032345,1
0,16,14.542542990822549,3.126668403389869,44,0.09807277891513166,1
1,3,18.66021995277883,2.735529160228332,58,0.11858537034206978,1
1,11,25.816600200734108,1.2742914819693727,67,0.12022645748579558,1
1,8,29.350257517963747,4.796484089380584,69,0.09642653517487532,1
0,11,12.993473884242078,2.543562692721182,69,0.09136153713241274,1
2,4,7.88837040961929,2.6565141763099693,43,0.09596866043354824,1
0,17,34.73233177207732,3.889875845075176,69,0.07277724418176929,1
0,8,36.49610655775384,2.156515017954548,40,0.08812270698627822,1
0,16,15.269413267589895,2.963647814742766,48,0.10204142620144507,1
0,9,10.617711831980332,2.4178454610902858,30,0.06632001090844153,1
0,6,18.437589616191858,3.983151332528793,60,0.10700509899190502,1
1,4,10.043961150303138,3.8820917477563297,33,0.09371636495703844,1
1,6,30.64016262671676,4.240631284596299,44,0.12270008714790348,1
1,10,31.977526167360868,3.845554995693704,54,0.1266466954530629,1
0,17,11.532909647660176,1.4878752204746166,45,0.08008383669284747,1
2,17,37.10092928516712,4.176120510683076,36,0.06689166400832769,1
1,7,21.334844428291028,2.984259806526617,56,0.13859729498464435,1
2,17,15.71729505455042,3.309061910996204,39,0.09926489164089763,1
2,8,36.41441475977487,1.1003251192750063,47,0.08293610611936236,1
1,7,15.644682534879498,3.9839155513643503,65,0.11500259195194867,1
0,3,6.97523903532597,0.9485367481087366,45,0.05256020076503176,1
0,13,22.05326951640292,3.4994488442761296,33,0.09322771417582099,1
1,11,16.59899666953169,4.41446550984327,75,0.10938954630811287,1
0,19,23.421864116525335,3.6773919290591817,67,0.06491699868508044,1
1,18,30.30688873570977,4.044412448658752,59,0.10516711091020481,1
1,5,34.21443964679771,2.044185601133726,68,0.11789474994724175,1
1,18,5.52835594624641,1.3159061547984987,63,0.0590177293967471,1
2,12,38.50632833497995,4.577457967356399,70,0.07046525296954864,1
0,19,8.508511216003289,0.889818688059049,56,0.032907846290596954,1
1,8,23.876509859651826,2.953904873362032,43,0.13778978755621002,1
2,1,9.946319434770793,3.0027892861779013,56,0.07685502670937105,1
2,2,15.894207866682317,4.103022429346934,72,0.06551731343260869,1
2,7,39.84092159658345,4.8151173984088445,70,0.04643884370739859,1
1,2,8.874910146515761,4.799639748301056,73,0.05350183628037708,1
1,14,18.806640885538894,2.8363378328973776,40,0.12646222367855503,1
1,14,11.81955390091425,0.6038828152844556,39,0.07442145784131171,1
2,2,33.68479087739739,2.204319415368544,39,0.07821930256912973,1
0,17,31.21862004087547,3.785535091209689,46,0.09369267627436062,1
1,7,11.933807170306544,4.389868817845359,50,0.11347314526443342,1
1,1,6.88065079168099,1.8629563146036752,66,0.07011465935224104,1
0,19,38.77424688263889,0.8479097610329005,69,0.012856000476221596,1
0,1,24.83806299247978,3.700056830298786,41,0.06087024637521532,1
0,6,6.72614979341743,3.958812990943484,62,0.08330792464551084,1
1,12,7.622909650452295,3.47370955400194,41,0.122453089270052,1
2,17,13.733427808902588,4.242183962406744,75,0.0681773249324103,1
2,3,6.89838362269628,3.4731365858527488,77,0.05255019167899466,1
2,8,5.773911475582568,4.994315236260143,44,0.039988761817322804,1
2,18,20.161367910381195,2.1507222944956164,74,0.08860222467197465,1
2,7,20.89800774111689,4.606459005414568,61,0.11266806480097313,1
1,5,14.287112617436124,4.4142797971574845,39,0.09624419259857281,1
1,19,16.946697251442345,3.186386014703849,69,0.09160697440011539,1
2,16,37.14537819349567,0.662098268493,54,0.06318612490430764,1
1,2,13.623340298457434,2.319977462607401,64,0.09964687475626466,1
2,3,12.611755287894407,2.51811558497566,40,0.09128779948702559,1
1,18,27.16904689539885,1.1322884273506613,60,0.09964114548674957,1
2,16,8.434939655077997,0.7044264643421323,61,0.06113545510452978,1
0,4,9.739317085440252,2.15339749764282,63,0.09561170298974508,1
0,11,36.60253977280159,4.570814915873632,48,0.07828226110861353,1
2,13,28.04734506466848,1.0330795191180864,30,0.07070447649458639,1
2,17,36.51262465594064,2.368249450098223,73,0.08207170187982676,1
1,13,30.43436415313885,2.307303564178574,39,0.1213971163001295,1
2,5,21.062537539337217,1.5968904352338926,66,0.10885461749036951,1
1,3,21.58285623511313,4.952175429373907,47,0.0846900531355389,1
0,11,6.658293969257645,1.332216877203031,68,0.05978007159214793,1
1,13,18.91843428490844,4.814705600766637,72,0.08979172324410578,1
1,5,14.217863736970974,3.085916407830146,68,0.1244464845521649,1
1,8,8.22155848261143,1.039563774119572,41,0.11190013586862008,1
0,2,34.985907038706415,0.5569900402433228,57,0.040655395174713393,1
1,15,35.9531185683591,3.69201587985392,34,0.09555102305388491,1
1,2,9.3046716307086,0.6436103440104022,48,0.064698598108895,1
1,4,38.17483944916615,2.900588127016329,44,0.0876610216394002,1
39,58,84.00585657181175,108.13882388514588,170,-0.21226424455793014,-1
1,14,11.339770255724112,4.427104581063439,62,0.10526364761916635,1
2,17,7.632128962029069,2.427771868557585,39,0.07990097280710873,1
2,8,9.053655290759448,2.1072362478850684,36,0.10375965111846885,1
0,6,10.576372318730272,1.5219636694904355,70,0.0842400446757754,1
0,10,39.77181446553431,2.318678557061279,66,0.06442497226147048,1
2,15,23.69327934720008,4.834516323668097,43,0.08752059681429836,1
2,9,29.26129532954233,1.836680776958752,58,0.12506756701974964,1
1,10,17.309503601069416,3.952996886134004,59,0.12659472638351454,1
2,18,39.8281974934088,4.091828288296171,54,0.046806793580628114,1
0,4,35.01811103889791,2.495890414502039,42,0.09123732401251106,1
2,16,11.224235541776965,3.287890785731876,49,0.11076858811371015,1
1,12,9.512769322190284,3.99033775681034,79,0.07745507283290015,1
1,5,15.029642685192936,2.7455278836825783,63,0.12165219490514445,1
0,2,8.249023087660852,2.0896621896050904,60,0.07310851148537834,1
1,7,9.962783084744824,1.237319242117414,64,0.10614325178474876,1
2,8,33.73412682957756,2.566634381769162,40,0.1199695304526513,1
2,13,10.83961537914083,3.329579102920591,46,0.10658666694592073,1
0,17,38.90288592914807,3.553954529255107,48,0.06128243177483372,1
0,10,18.237752820514466,1.0073997729201942,58,0.09821806086562496,1
2,11,13.118063309436064,4.683209476584022,67,0.09634998202699319,1
0,2,15.046261916373616,3.834996354557317,75,0.06389238676886927,1
2,15,38.54404331402286,1.5663545568000936,45,0.08961736390368913,1
1,6,13.136361714214011,0.6148751755019721,38,0.07957457139635887,1
0,12,5.053958056279684,4.347731671207988,47,0.04942148727528428,1
0,8,24.04870689553162,1.2102322253301412,62,0.09751384872214591,1
2,1,28.447902985703383,4.513795763740823,46,0.07230810623214551,1
0,5,28.354025418112013,2.3685393881221515,47,0.11155764393612749,1
0,16,14.927459255146209,4.3155055735951215,33,0.06110909938885356,1
0,3,16.309032569164028,3.0939819085534053,36,0.07882094459208605,1
0,9,33.72176552234632,4.546277044840383,60,0.09631542142387478,1
1,9,9.747358067751811,3.686328739314468,46,0.12761806005149384,1
0,19,37.50984944939002,4.61489176222607,79,0.0063947057596945855,1
1,11,29.98874787387658,3.307799271385036,62,0.1306064384789093,1
1,18,6.10725210776592,1.9966738167045512,43,0.08606716665600928,1
1,11,25.70197834866692,1.417003597668431,74,0.1189447182496925,1
1,12,32.17666148959118,4.495073082938353,42,0.11257790669598022,1
2,7,9.919018605382668,4.808235675154831,63,0.08658325014922563,1
2,1,14.455030020058327,2.4603079075292937,54,0.08176294584197297,1
2,4,26.282803922645478,3.023067054108388,64,0.10533370387071433,1
0,11,18.01148918066533,4.681592553182093,69,0.08768418288839097,1
1,3,34.812693411333875,4.240081993861809,39,0.07618220201732084,1
2,15,12.213361818395668,1.063202776633911,77,0.07567706979914951,1
2,4,27.169824472655293,0.5176380469334347,72,0.04639007354956726,1
1,2,37.52512291038951,1.820419930820089,32,0.05569526684910353,1
0,9,29.19549524841155,1.8911017467312357,37,0.0900546712360849,1
1,6,12.86346223490241,0.7936463430322622,76,0.07995788842554435,1
2,10,11.980135828060346,2.628916127856316,32,0.10485302395478902,1
1,18,22.30274140850174,4.852574228358618,34,0.06926799214195228,1
0,4,31.19340545215464,1.3879080744589054,48,0.09272643994038371,1
2,15,36.82242404314181,1.3175369510011992,74,0.08095968917146562,1
1,12,16.39226061723928,4.771062740993725,36,0.09774759560549412,1
0,9,20.13547191439789,0.8204617743230446,57,0.09518479589993628,1
0,19,32.06643445238788,4.182750750610698,79,0.030120489451321508,1
20,75,82.48547657932768,107.1192028317042,129,-0.20706303096327494,-1
0,14,35.41180805451468,4.689423472631276,43,0.06825954501584408,1
1,4,21.410117652150788,3.2052034468910167,52,0.13085229740027005,1
1,5,38.63065104864747,4.172879642933724,68,0.07952936150746431,1
0,12,15.2840763810078,2.48842048233654,54,0.10789053764148343,1
2,15,10.1288974531912,2.12411768585139,52,0.10878844396432635,1
1,10,9.828379890742116,2.2023672722807435,30,0.10208781763735308,1
2,11,29.471878514077133,2.500065360320701,37,0.11642704886740374,1
2,19,14.436554004951487,3.576524728023084,46,0.08129216207945922,1
2,18,20.764107175505963,1.184532482578486,34,0.07399052686773117,1
2,11,17.758055626348845,1.8499288979304327,79,0.08781469138176462,1
1,13,28.913453246787824,2.6805811671850504,31,0.1022867251024342,1
0,14,5.734887201660443,4.218384485953475,61,0.05808333461068782,1
1,14,25.982498370221307,4.4821057452772965,78,0.08969544003622376,1
0,7,27.16459771046752,3.681624211395576,75,0.0945312937976514,1
1,13,28.49211236224165,2.6250004628617973,40,0.1241672472691186,1
1,18,36.0483834470914,4.4350324356259865,34,0.059094977250727876,1
2,8,35.88714969779596,4.157423583466159,58,0.10025492831138583,1
2,7,6.85688594411496,2.543467078860804,74,0.0910536452566505,1
1,7,18.787685945973188,3.567864169240154,73,0.11504484860912523,1
1,7,5.295447006773769,0.8249385118805238,38,0.06588632153180363,1
1,13,11.319423918577538,4.940788164972128,35,0.08000252538510688,1
2,6,29.582190924850472,4.57179118053037,70,0.09651076323373758,1
0,9,14.066426637265751,2.2196286944950456,73,0.09229608498616665,1
0,16,5.438614926083071,2.1425086278606216,58,0.05843020672589605,1
2,12,12.202163651534969,3.7294874866103207,50,0.11773041191010652,1
2,16,13.253338409634642,2.6819474661933205,32,0.09350341451696859,1
0,8,9.745193001791945,2.086456172173223,32,0.0782183378272891,1
1,11,9.236201302457903,3.232117560715761,62,0.12223696487361169,1
2,10,39.86106835427224,1.74512869750372,41,0.0740537795101191,1
1,12,27.30061904868332,3.576758105027637,57,0.1283126115658309,1
1,8,30.24457441138389,1.4792422927323368,54,0.12885502902785112,1
0,17,36.76666829521869,2.850028218760418,33,0.04676788051251146,1
2,5,5.641604519865969,3.049038744402337,66,0.07362226089758833,1
1,9,12.556484948455408,0.6327925312331977,67,0.09350237007160767,1
0,14,20.84842772701714,2.814599891967282,33,0.08710569256919742,1
2,18,30.72021320540514,0.7351480311960649,36,0.06250602785783604,1
2,14,29.216965584123766,2.6708079961742968,73,0.09919983942571792,1
2,12,8.629413755558026,0.9121324393320276,53,0.0841210755301462,1
1,5,10.2047598080087,1.3759353493983038,62,0.10584113601696499,1
2,18,5.437382814265285,2.5961002467966554,33,0.050342719453653095,1
0,19,15.373496326437966,2.24425020422724,44,0.0680626270993191,1
0,14,25.660896474991667,1.1691048370332433,78,0.05450021556176721,1
1,13,22.819890704801317,1.4146800866405882,49,0.1253445658399575,1
2,7,9.85220872991824,3.981826285495727,56,0.10428247707521104,1
1,16,38.51815314034136,0.6880676148718501,59,0.05844280595164075,1
0,16,28.150660784050523,4.9126462715830215,77,0.0442563529559693,1
1,14,39.57083162385722,4.775402706278874,39,0.05924955190629855,1
1,8,27.57320347650283,3.721465082988389,49,0.13003972223555643,1
0,17,21.88642411577885,1.8908339531262843,53,0.10119822434525294,1
0,2,9.125419283293112,4.021753427389012,57,0.06748511585168226,1
2,14,25.304271741448147,0.6204667828350064,50,0.0834329265266262,1
1,10,36.83068129249519,4.667535177238813,77,0.07386452854956943,1
1,16,13.733370991005913,3.1881699973826407,54,0.11996870276030325,1
2,14,20.885982750378417,3.241786512006717,76,0.09811284605054205,1
1,19,39.26036995475079,2.253716500993329,74,0.059086947276451696,1
0,13,34.71978524569187,2.4006432008967518,31,0.06753603469061165,1
1,12,17.83481061181586,3.5402212285040706,49,0.13492890534863872,1
2,6,25.82348010635993,2.8375317906584923,56,0.1238591258997927,1
2,13,22.593950925733186,2.7442383960794907,44,0.12063711218999001,1
2,15,16.85866353812981,1.1032991491204958,40,0.0941051554982052,1
2,3,20.294664320571307,3.4022802170362856,78,0.06695007634717282,1
1,2,27.337017971174888,3.890826319423344,78,0.0771556247975223,1
2,11,37.69614796064596,2.019241840700392,42,0.09591475199492738,1
1,3,15.05575150094752,1.2861270694836011,47,0.1019188031836209,1
15,163,93.08863317968354,180.95963232353185,187,-0.24094576208144647,-1
2,2,19.164895417752447,3.814503976662376,51,0.0974763589285434,1
2,8,37.54381575724488,1.5516293334681368,74,0.08404069196810876,1
2,7,16.944554487366762,2.464166183903631,52,0.13114843231145112,1
2,11,32.73860487660825,4.739197271489706,52,0.1019718292975818,1
0,6,12.487278731550418,3.274681397529039,40,0.09202746998334604,1
1,10,16.851885730906424,4.207808547067883,36,0.12375603974582333,1
0,12,24.579967573669208,0.91546967889131,36,0.07786063453164199,1
2,12,26.079920717704866,4.773513551766395,51,0.09993711907099201,1
0,18,12.746987706479787,3.62997051260384,61,0.07220174905513888,1
2,19,17.531087027849175,3.8238797411517207,71,0.0732220843492713,1
0,4,15.395103569108333,0.9526269062192012,62,0.08263452450542946,1
1,10,10.646606724318891,1.3391223205224614,37,0.11965525600677757,1
1,1,9.730813949809033,3.557277460979019,45,0.08577173281549155,1
2,13,5.896554024745986,3.532735948582051,57,0.07808568308543135,1
2,16,14.864184308662878,1.3014213207369585,57,0.10191292977194466,1
2,6,30.96844670990267,0.750372649762441,59,0.0876553158993027,1
2,17,19.745010812610644,2.168361571959357,75,0.09908717919693977,1
2,17,17.474864224626323,1.332860500886146,49,0.10308088532601989,1
2,2,15.05485581581516,4.47646958996155,69,0.06910162015180182,1
0,16,27.176066858205505,4.024801018911371,34,0.07759724384403044,1
2,9,19.76115340827133,0.701239487608158,32,0.07311668611818722,1
2,3,7.411149038309449,4.003447600612432,49,0.07389168135440416,1
2,13,39.00336608486418,0.9030652480181508,73,0.0564405946888864,1
1,12,29.518804632697027,4.635989973597728,53,0.11688499273963088,1
1,7,5.908260701473526,2.3114699110192016,36,0.10022985716518185,1
0,19,18.390289163220597,0.726339568117105,63,0.042441593378851894,1
0,13,34.57662560428648,2.615619311524497,53,0.10153270338075815,1
1,3,19.215685299694435,1.1328657490843317,79,0.06460234923708386,1
0,16,30.913209114762363,1.990009956421918,58,0.09574622615763195,1
1,19,20.56985739064823,3.71401053891994,73,0.08158521433790406,1
1,19,16.991315491052443,0.6952821439983112,71,0.05468629980849571,1
15,60,99.99890518381896,70.69233861456766,154,-0.20704198425677023,-1
43,131,97.7794558238574,111.0878839261183,135,-0.22961504370359564,-1
2,8,24.94208841341681,0.7358113567788069,60,0.10244300208793805,1
2,18,32.498385254908754,3.0342393667988885,75,0.07932450721420231,1
2,9,22.21887307422638,4.006319685515263,46,0.12723880465269216,1
2,7,31.64906127975968,3.750214429754804,76,0.09430624894305939,1
1,5,11.96648855186234,1.470987880307617,57,0.11671354072115214,1
1,19,7.165104672447969,1.503530555197548,33,0.05968725169715694,1
1,9,35.78702287325432,4.08330040589186,67,0.10598584625092322,1
